,learning_rate,weight_decay,epoch,TP,TN,FP,FN,accuracy,precision,recall,f1_score
0,0.0001,1.88185e-05,1,199.0,852.0,287.0,582.0,0.5473958253860474,0.4094650149345398,0.25480154156684875,0.3141278593363712
1,0.0001,1.88185e-05,2,69.0,1058.0,61.0,732.0,0.5869791507720947,0.5307692289352417,0.08614232391119003,0.1482277200765445
2,0.0001,1.88185e-05,3,76.0,1076.0,63.0,705.0,0.6000000238418579,0.5467625856399536,0.09731113910675049,0.16521738999667215
3,0.0001,1.88185e-05,4,99.0,1027.0,109.0,685.0,0.5864583253860474,0.4759615361690521,0.12627550959587097,0.19959676800779425
4,0.0001,1.88185e-05,5,78.0,1078.0,45.0,719.0,0.6020833253860474,0.6341463327407837,0.09786700457334518,0.16956522217063458
5,0.0001,1.88185e-05,6,104.0,1071.0,65.0,680.0,0.6119791865348816,0.6153846383094788,0.13265305757522583,0.2182581221180256
6,0.0001,1.88185e-05,7,107.0,1095.0,59.0,659.0,0.6260416507720947,0.6445783376693726,0.1396866887807846,0.22961374042923946
7,0.0001,1.88185e-05,8,133.0,1051.0,69.0,667.0,0.6166666746139526,0.6584158539772034,0.16625000536441803,0.2654690831194346
8,0.0001,1.88185e-05,9,147.0,1082.0,76.0,615.0,0.6401041746139526,0.6591928005218506,0.19291338324546814,0.2984771582480937
9,0.0001,1.88185e-05,10,142.0,1068.0,81.0,629.0,0.6302083134651184,0.6367713212966919,0.18417640030384064,0.2857142960863827
10,0.0001,1.88185e-05,11,146.0,1077.0,67.0,630.0,0.6369791626930237,0.68544602394104,0.18814432621002197,0.295247732494456
11,0.0001,1.88185e-05,12,250.0,977.0,138.0,555.0,0.6390625238418579,0.6443299055099487,0.3105590045452118,0.4191114591678174
12,0.0001,1.88185e-05,13,181.0,1071.0,77.0,591.0,0.6520833373069763,0.7015503644943237,0.23445595800876617,0.351456323971986
13,0.0001,1.88185e-05,14,194.0,1078.0,84.0,564.0,0.6625000238418579,0.6978417038917542,0.2559366822242737,0.3745173807908212
14,0.0001,1.88185e-05,15,278.0,1009.0,99.0,534.0,0.6703125238418579,0.7374005317687988,0.34236451983451843,0.4676197977284806
15,0.0001,1.88185e-05,16,337.0,983.0,146.0,454.0,0.6875,0.6977225542068481,0.42604297399520874,0.5290423777754298
16,0.0001,1.88185e-05,17,265.0,1022.0,113.0,520.0,0.6703125238418579,0.7010582089424133,0.337579607963562,0.4557179348920189
17,0.0001,1.88185e-05,18,279.0,1027.0,109.0,505.0,0.6802083253860474,0.719072163105011,0.3558673560619354,0.4761092244794031
18,0.0001,1.88185e-05,19,300.0,996.0,127.0,497.0,0.675000011920929,0.7025761008262634,0.3764115571975708,0.490196110926237
19,0.0001,1.88185e-05,20,331.0,973.0,144.0,472.0,0.6791666746139526,0.6968421339988708,0.41220423579216003,0.5179968946686437
20,0.0004,4.5585e-06,1,62.0,1072.0,77.0,709.0,0.590624988079071,0.4460431635379791,0.08041504770517349,0.13626373803665848
21,0.0004,4.5585e-06,2,129.0,1042.0,107.0,642.0,0.6098958253860474,0.5466101765632629,0.16731517016887665,0.2562065441721602
22,0.0004,4.5585e-06,3,230.0,996.0,124.0,570.0,0.6385416388511658,0.6497175097465515,0.2874999940395355,0.3986135119149829
23,0.0004,4.5585e-06,4,280.0,969.0,174.0,497.0,0.6505208611488342,0.6167401075363159,0.36036035418510437,0.45491469970217824
24,0.0004,4.5585e-06,5,261.0,1016.0,124.0,519.0,0.6651041507720947,0.6779220700263977,0.3346153795719147,0.44806864552649117
25,0.0004,4.5585e-06,6,281.0,1022.0,134.0,483.0,0.6786458492279053,0.6771084070205688,0.3678010404109955,0.4766751097733162
26,0.0004,4.5585e-06,7,271.0,1078.0,109.0,462.0,0.7026041746139526,0.7131578922271729,0.36971351504325867,0.4869721142642758
27,0.0004,4.5585e-06,8,302.0,1057.0,110.0,451.0,0.707812488079071,0.7330096960067749,0.4010624289512634,0.518454979698918
28,0.0004,4.5585e-06,9,349.0,1011.0,141.0,419.0,0.7083333134651184,0.7122448682785034,0.4544270932674408,0.5548489315252023
29,0.0004,4.5585e-06,10,326.0,1059.0,110.0,425.0,0.7213541865348816,0.747706413269043,0.434087872505188,0.549283918702059
30,0.0004,4.5585e-06,11,376.0,968.0,165.0,411.0,0.699999988079071,0.6950092315673828,0.47776365280151367,0.5662650443202901
31,0.0004,4.5585e-06,12,369.0,990.0,158.0,403.0,0.707812488079071,0.7001897692680359,0.47797927260398865,0.568129364604453
32,0.0004,4.5585e-06,13,412.0,974.0,156.0,378.0,0.721875011920929,0.7253521084785461,0.5215190052986145,0.606774665321416
33,0.0004,4.5585e-06,14,364.0,1044.0,117.0,395.0,0.7333333492279053,0.7567567825317383,0.4795784056186676,0.5870968171166674
34,0.0004,4.5585e-06,15,438.0,973.0,147.0,362.0,0.7348958253860474,0.7487179636955261,0.5475000143051147,0.632491035055618
35,0.0004,4.5585e-06,16,432.0,969.0,175.0,344.0,0.729687511920929,0.7116968631744385,0.5567010045051575,0.6247288557279392
36,0.0004,4.5585e-06,17,403.0,1015.0,139.0,363.0,0.7385416626930237,0.7435424327850342,0.5261096358299255,0.6162079012533925
37,0.0004,4.5585e-06,18,427.0,974.0,142.0,377.0,0.729687511920929,0.7504393458366394,0.5310945510864258,0.6219955915591455
38,0.0004,4.5585e-06,19,467.0,971.0,162.0,320.0,0.7489583492279053,0.7424483299255371,0.5933926105499268,0.6596045046487342
39,0.0004,4.5585e-06,20,449.0,989.0,144.0,338.0,0.7489583492279053,0.7571669220924377,0.5705209374427795,0.6507246315652241
40,0.0006,9.5328e-06,1,94.0,1058.0,100.0,668.0,0.6000000238418579,0.4845360815525055,0.12335958331823349,0.19665271551144708
41,0.0006,9.5328e-06,2,124.0,1078.0,84.0,634.0,0.6260416507720947,0.5961538553237915,0.16358838975429535,0.25672876413344675
42,0.0006,9.5328e-06,3,188.0,1067.0,109.0,556.0,0.6536458134651184,0.6329966187477112,0.2526881694793701,0.3611911712005761
43,0.0006,9.5328e-06,4,199.0,1079.0,93.0,549.0,0.6656249761581421,0.681506872177124,0.2660427689552307,0.38269228410331474
44,0.0006,9.5328e-06,5,358.0,968.0,140.0,454.0,0.690625011920929,0.718875527381897,0.4408867061138153,0.5465648814945249
45,0.0006,9.5328e-06,6,295.0,1057.0,101.0,467.0,0.7041666507720947,0.7449495196342468,0.38713911175727844,0.5094991411706531
46,0.0006,9.5328e-06,7,387.0,970.0,169.0,394.0,0.7067708373069763,0.6960431933403015,0.4955185651779175,0.5789080614321742
47,0.0006,9.5328e-06,8,427.0,950.0,167.0,376.0,0.7171875238418579,0.7188552021980286,0.5317559242248535,0.6113099980306715
48,0.0006,9.5328e-06,9,350.0,1036.0,120.0,414.0,0.721875011920929,0.7446808218955994,0.45811519026756287,0.5672609542483764
49,0.0006,9.5328e-06,10,416.0,944.0,178.0,382.0,0.7083333134651184,0.7003366947174072,0.5213032364845276,0.5977011488644749
50,0.0006,9.5328e-06,11,403.0,968.0,180.0,369.0,0.714062511920929,0.6912521719932556,0.522020697593689,0.5948339845956884
51,0.0006,9.5328e-06,12,416.0,991.0,152.0,361.0,0.7328125238418579,0.7323943376541138,0.5353925228118896,0.6185873449348738
52,0.0006,9.5328e-06,13,461.0,949.0,180.0,330.0,0.734375,0.7191887497901917,0.5828065872192383,0.6438547754572269
53,0.0006,9.5328e-06,14,429.0,957.0,160.0,374.0,0.721875011920929,0.7283531427383423,0.534246563911438,0.6163792997637529
54,0.0006,9.5328e-06,15,414.0,1018.0,137.0,351.0,0.7458333373069763,0.7513611912727356,0.5411764979362488,0.6291793512104855
55,0.0006,9.5328e-06,16,461.0,1004.0,152.0,303.0,0.7630208134651184,0.7520391345024109,0.6034031510353088,0.6695715512220726
56,0.0006,9.5328e-06,17,463.0,949.0,172.0,336.0,0.7354166507720947,0.7291338443756104,0.5794743299484253,0.6457461561256622
57,0.0006,9.5328e-06,18,468.0,986.0,155.0,311.0,0.7572916746139526,0.7512038350105286,0.6007702350616455,0.6676177434799554
58,0.0006,9.5328e-06,19,455.0,993.0,159.0,313.0,0.7541666626930237,0.7410423159599304,0.5924479365348816,0.6584659730753996
59,0.0006,9.5328e-06,20,484.0,990.0,145.0,301.0,0.7677083611488342,0.7694753408432007,0.6165605187416077,0.6845827163738747
60,0.0003,6.3315e-06,1,70.0,1052.0,94.0,704.0,0.5843750238418579,0.4268292784690857,0.09043927490711212,0.1492537270436718
61,0.0003,6.3315e-06,2,116.0,1023.0,105.0,676.0,0.5932291746139526,0.5248869061470032,0.14646464586257935,0.22902271603359906
62,0.0003,6.3315e-06,3,205.0,964.0,138.0,613.0,0.6088541746139526,0.5976676344871521,0.25061124563217163,0.35314382804991484
63,0.0003,6.3315e-06,4,207.0,1018.0,120.0,575.0,0.6380208134651184,0.6330274939537048,0.2647058963775635,0.373309286538954
64,0.0003,6.3315e-06,5,225.0,1027.0,114.0,554.0,0.6520833373069763,0.6637167930603027,0.28883183002471924,0.40250444994009804
65,0.0003,6.3315e-06,6,266.0,996.0,151.0,507.0,0.6572916507720947,0.6378896832466125,0.34411385655403137,0.4470588249575759
66,0.0003,6.3315e-06,7,297.0,961.0,177.0,485.0,0.6552083492279053,0.6265822649002075,0.3797954022884369,0.4729299246112464
67,0.0003,6.3315e-06,8,303.0,972.0,167.0,478.0,0.6640625,0.6446808576583862,0.3879641592502594,0.48441250019913523
68,0.0003,6.3315e-06,9,244.0,1073.0,103.0,500.0,0.6859375238418579,0.7031700015068054,0.3279569745063782,0.4472960396405895
69,0.0003,6.3315e-06,10,311.0,1042.0,114.0,453.0,0.7046874761581421,0.7317647337913513,0.40706807374954224,0.5231286889386638
70,0.0003,6.3315e-06,11,310.0,1011.0,133.0,466.0,0.6880208253860474,0.6997742652893066,0.3994845449924469,0.5086136360456949
71,0.0003,6.3315e-06,12,408.0,934.0,170.0,408.0,0.6989583373069763,0.7058823704719543,0.5,0.5853658886199773
72,0.0003,6.3315e-06,13,368.0,998.0,130.0,424.0,0.7114583253860474,0.7389557957649231,0.46464645862579346,0.5705425755416603
73,0.0003,6.3315e-06,14,357.0,1021.0,137.0,405.0,0.7177083492279053,0.7226720452308655,0.4685039222240448,0.5684713181379116
74,0.0003,6.3315e-06,15,380.0,1005.0,128.0,407.0,0.7213541865348816,0.748031497001648,0.4828462600708008,0.5868725915467667
75,0.0003,6.3315e-06,16,377.0,987.0,143.0,413.0,0.7104166746139526,0.7250000238418579,0.4772152006626129,0.5755725483772194
76,0.0003,6.3315e-06,17,364.0,1001.0,149.0,406.0,0.7109375,0.7095516324043274,0.4727272689342499,0.5674200926547899
77,0.0003,6.3315e-06,18,402.0,1008.0,145.0,365.0,0.734375,0.7349177598953247,0.5241199731826782,0.6118721508744814
78,0.0003,6.3315e-06,19,386.0,1004.0,147.0,383.0,0.7239583134651184,0.7242026329040527,0.5019505620002747,0.5929339594960702
79,0.0003,6.3315e-06,20,397.0,1005.0,142.0,376.0,0.7302083373069763,0.7365491390228271,0.5135834217071533,0.6051828896166559
80,0.0002,1.88128e-05,1,111.0,1011.0,115.0,683.0,0.5843750238418579,0.491150438785553,0.13979849219322205,0.21764707716148574
81,0.0002,1.88128e-05,2,114.0,1035.0,95.0,676.0,0.598437488079071,0.5454545617103577,0.1443037986755371,0.22822823614300622
82,0.0002,1.88128e-05,3,106.0,1087.0,55.0,672.0,0.6213541626930237,0.6583850979804993,0.13624678552150726,0.2257720895689983
83,0.0002,1.88128e-05,4,147.0,1084.0,47.0,642.0,0.6411458253860474,0.7577319741249084,0.1863117814064026,0.2990844229091956
84,0.0002,1.88128e-05,5,176.0,1083.0,62.0,599.0,0.6557291746139526,0.7394958138465881,0.2270967811346054,0.3474827204715031
85,0.0002,1.88128e-05,6,211.0,1053.0,94.0,562.0,0.6583333611488342,0.6918032765388489,0.2729624807834625,0.3914656565479334
86,0.0002,1.88128e-05,7,223.0,1051.0,84.0,562.0,0.6635416746139526,0.7263843417167664,0.28407642245292664,0.40842492041689127
87,0.0002,1.88128e-05,8,243.0,1031.0,92.0,554.0,0.6635416746139526,0.7253731489181519,0.3048933446407318,0.42932859604776485
88,0.0002,1.88128e-05,9,274.0,1028.0,113.0,505.0,0.6781250238418579,0.7080103158950806,0.35173299908638,0.4699828600759232
89,0.0002,1.88128e-05,10,294.0,1041.0,109.0,476.0,0.6953125,0.729528546333313,0.38181817531585693,0.5012787670289527
90,0.0002,1.88128e-05,11,325.0,1006.0,119.0,470.0,0.6932291388511658,0.7319819927215576,0.4088050425052643,0.5246166643067668
91,0.0002,1.88128e-05,12,306.0,1031.0,103.0,480.0,0.6963541507720947,0.7481662631034851,0.3893129825592041,0.5121338924411866
92,0.0002,1.88128e-05,13,303.0,1062.0,98.0,457.0,0.7109375,0.7556109428405762,0.39868420362472534,0.5219638064098366
93,0.0002,1.88128e-05,14,362.0,998.0,127.0,433.0,0.7083333134651184,0.7402862906455994,0.45534589886665344,0.5638628910763942
94,0.0002,1.88128e-05,15,338.0,1000.0,148.0,434.0,0.6968749761581421,0.6954732537269592,0.4378238320350647,0.5373608954025993
95,0.0002,1.88128e-05,16,304.0,1071.0,97.0,448.0,0.7161458134651184,0.7581047415733337,0.40425533056259155,0.5273200587082845
96,0.0002,1.88128e-05,17,335.0,1022.0,127.0,436.0,0.7067708373069763,0.7251082062721252,0.43450063467025757,0.5433901132294574
97,0.0002,1.88128e-05,18,372.0,1007.0,127.0,414.0,0.7182291746139526,0.7454909682273865,0.47328245639801025,0.5789883460298371
98,0.0002,1.88128e-05,19,359.0,1019.0,128.0,414.0,0.7177083492279053,0.7371663451194763,0.4644243121147156,0.5698412537787684
99,0.0002,1.88128e-05,20,361.0,1001.0,139.0,419.0,0.7093750238418579,0.722000002861023,0.46282050013542175,0.5640624630558724
100,0.0087,8.349e-07,1,339.0,797.0,327.0,457.0,0.5916666388511658,0.5090090036392212,0.4258793890476227,0.4637483021805026
101,0.0087,8.349e-07,2,396.0,849.0,290.0,385.0,0.6484375,0.5772594809532166,0.5070422291755676,0.5398772749830636
102,0.0087,8.349e-07,3,419.0,870.0,251.0,380.0,0.6713541746139526,0.625373125076294,0.5244054794311523,0.5704560954737159
103,0.0087,8.349e-07,4,432.0,952.0,207.0,329.0,0.7208333611488342,0.6760563254356384,0.5676741003990173,0.6171428579644129
104,0.0087,8.349e-07,5,462.0,847.0,269.0,342.0,0.6817708611488342,0.6320109367370605,0.5746268630027771,0.6019543841678907
105,0.0087,8.349e-07,6,464.0,923.0,218.0,315.0,0.7223958373069763,0.6803519129753113,0.5956354141235352,0.6351813540627507
106,0.0087,8.349e-07,7,438.0,967.0,199.0,316.0,0.7317708134651184,0.6875981092453003,0.5809018611907959,0.6297627683395531
107,0.0087,8.349e-07,8,393.0,955.0,233.0,339.0,0.7020833492279053,0.6277955174446106,0.5368852615356445,0.5787923807964135
108,0.0087,8.349e-07,9,455.0,980.0,182.0,303.0,0.7473958134651184,0.7142857313156128,0.6002638339996338,0.6523297622678238
109,0.0087,8.349e-07,10,539.0,874.0,246.0,261.0,0.7359374761581421,0.6866242289543152,0.6737499833106995,0.6801262061581651
110,0.0087,8.349e-07,11,464.0,967.0,187.0,302.0,0.745312511920929,0.7127496004104614,0.6057441234588623,0.6549047329251658
111,0.0087,8.349e-07,12,466.0,924.0,217.0,313.0,0.7239583134651184,0.6822840571403503,0.5982028245925903,0.6374829144006118
112,0.0087,8.349e-07,13,504.0,932.0,207.0,277.0,0.7479166388511658,0.7088607549667358,0.6453264951705933,0.6756032221142972
113,0.0087,8.349e-07,14,486.0,1001.0,156.0,277.0,0.7744791507720947,0.7570093274116516,0.6369593739509583,0.6918149611359583
114,0.0087,8.349e-07,15,492.0,955.0,204.0,269.0,0.7536458373069763,0.7068965435028076,0.6465177536010742,0.6753603501795343
115,0.0087,8.349e-07,16,465.0,968.0,192.0,295.0,0.7463541626930237,0.7077625393867493,0.6118420958518982,0.6563161550062215
116,0.0087,8.349e-07,17,524.0,920.0,224.0,252.0,0.7520833611488342,0.7005347609519958,0.6752577424049377,0.6876640674659977
117,0.0087,8.349e-07,18,516.0,976.0,174.0,254.0,0.7770833373069763,0.747826099395752,0.6701298952102661,0.7068493747245091
118,0.0087,8.349e-07,19,505.0,987.0,168.0,260.0,0.7770833373069763,0.7503714561462402,0.6601307392120361,0.70236440545463
119,0.0087,8.349e-07,20,539.0,952.0,192.0,237.0,0.776562511920929,0.7373461127281189,0.6945876479148865,0.715328451353908
120,0.0089,2.0754e-06,1,320.0,762.0,367.0,471.0,0.5635416507720947,0.46579331159591675,0.4045512080192566,0.43301761311736414
121,0.0089,2.0754e-06,2,334.0,943.0,202.0,441.0,0.6651041507720947,0.6231343150138855,0.4309677481651306,0.50953468886278
122,0.0089,2.0754e-06,3,399.0,866.0,268.0,387.0,0.6588541865348816,0.5982009172439575,0.5076335668563843,0.5492085194146185
123,0.0089,2.0754e-06,4,433.0,844.0,273.0,370.0,0.6651041507720947,0.6133144497871399,0.5392279028892517,0.573889977334001
124,0.0089,2.0754e-06,5,429.0,884.0,247.0,360.0,0.6838541626930237,0.6346153616905212,0.5437262654304504,0.5856655362265882
125,0.0089,2.0754e-06,6,401.0,947.0,216.0,356.0,0.7020833492279053,0.6499189734458923,0.5297225713729858,0.5836972679638828
126,0.0089,2.0754e-06,7,487.0,912.0,209.0,312.0,0.7286458611488342,0.6997126340866089,0.6095119118690491,0.6515049935479594
127,0.0089,2.0754e-06,8,486.0,919.0,206.0,309.0,0.7317708134651184,0.7023121118545532,0.6113207340240479,0.6536650631228078
128,0.0089,2.0754e-06,9,500.0,912.0,215.0,293.0,0.7354166507720947,0.6993007063865662,0.6305170059204102,0.6631299236597427
129,0.0089,2.0754e-06,10,483.0,926.0,200.0,311.0,0.7338541746139526,0.7071742415428162,0.6083123683929443,0.6540284358042182
130,0.0089,2.0754e-06,11,483.0,960.0,199.0,278.0,0.7515624761581421,0.7082111239433289,0.6346911787986755,0.6694386396333946
131,0.0089,2.0754e-06,12,462.0,992.0,176.0,290.0,0.7572916746139526,0.7241379022598267,0.6143617033958435,0.6647482291825865
132,0.0089,2.0754e-06,13,463.0,925.0,226.0,306.0,0.7229166626930237,0.6719883680343628,0.6020806431770325,0.6351165914054575
133,0.0089,2.0754e-06,14,514.0,943.0,192.0,271.0,0.7588541507720947,0.7280453443527222,0.6547770500183105,0.6894701315651656
134,0.0089,2.0754e-06,15,527.0,917.0,197.0,279.0,0.7520833611488342,0.7279005646705627,0.6538461446762085,0.6888888658823984
135,0.0089,2.0754e-06,16,510.0,935.0,213.0,262.0,0.7526041865348816,0.7053942084312439,0.6606217622756958,0.6822742912715032
136,0.0089,2.0754e-06,17,505.0,959.0,184.0,272.0,0.762499988079071,0.7329462766647339,0.6499356627464294,0.6889495445609284
137,0.0089,2.0754e-06,18,472.0,940.0,208.0,300.0,0.7354166507720947,0.6941176652908325,0.6113989353179932,0.6501377395375433
138,0.0089,2.0754e-06,19,560.0,920.0,217.0,223.0,0.7708333134651184,0.7207207083702087,0.7151979804039001,0.7179487136913063
139,0.0089,2.0754e-06,20,542.0,947.0,173.0,258.0,0.7755208611488342,0.7580419778823853,0.6775000095367432,0.7155115938542453
140,0.0004,2.5963e-06,1,76.0,1015.0,111.0,718.0,0.5682291388511658,0.4064171016216278,0.0957178846001625,0.15494393565283432
141,0.0004,2.5963e-06,2,85.0,1120.0,62.0,653.0,0.6276041865348816,0.5782312750816345,0.11517614871263504,0.19209039608728146
142,0.0004,2.5963e-06,3,175.0,1056.0,84.0,605.0,0.6411458253860474,0.6756756901741028,0.22435897588729858,0.33686237738141184
143,0.0004,2.5963e-06,4,282.0,988.0,141.0,509.0,0.6614583134651184,0.6666666865348816,0.3565107583999634,0.4645799492347345
144,0.0004,2.5963e-06,5,295.0,1014.0,112.0,499.0,0.6817708611488342,0.7248157262802124,0.371536523103714,0.4912572963690143
145,0.0004,2.5963e-06,6,302.0,1038.0,109.0,471.0,0.6979166865348816,0.7347931861877441,0.39068564772605896,0.5101351512376444
146,0.0004,2.5963e-06,7,291.0,1028.0,128.0,473.0,0.6869791746139526,0.6945107579231262,0.38089004158973694,0.49196956341100145
147,0.0004,2.5963e-06,8,315.0,1029.0,128.0,448.0,0.699999988079071,0.7110609412193298,0.4128440320491791,0.5223880509944954
148,0.0004,2.5963e-06,9,394.0,918.0,194.0,414.0,0.6833333373069763,0.6700680255889893,0.48762375116348267,0.5644699097619278
149,0.0004,2.5963e-06,10,325.0,1028.0,122.0,445.0,0.7046874761581421,0.7270693778991699,0.4220779240131378,0.5341002760861127
150,0.0004,2.5963e-06,11,422.0,955.0,155.0,388.0,0.7171875238418579,0.731369137763977,0.5209876298904419,0.6085075669671116
151,0.0004,2.5963e-06,12,362.0,1051.0,113.0,394.0,0.7359374761581421,0.7621052861213684,0.47883597016334534,0.5881396995322663
152,0.0004,2.5963e-06,13,368.0,962.0,172.0,418.0,0.6927083134651184,0.6814814805984497,0.468193382024765,0.5550527821361958
153,0.0004,2.5963e-06,14,405.0,1000.0,137.0,378.0,0.7317708134651184,0.7472324967384338,0.517241358757019,0.6113207228766638
154,0.0004,2.5963e-06,15,425.0,1008.0,145.0,342.0,0.7463541626930237,0.7456140518188477,0.5541068911552429,0.6357516612628809
155,0.0004,2.5963e-06,16,412.0,990.0,157.0,361.0,0.7302083373069763,0.7240773439407349,0.5329883694648743,0.614008947530932
156,0.0004,2.5963e-06,17,426.0,980.0,163.0,351.0,0.7322916388511658,0.7232597470283508,0.5482625365257263,0.6237188858894114
157,0.0004,2.5963e-06,18,401.0,1010.0,135.0,374.0,0.7348958253860474,0.7481343150138855,0.5174193382263184,0.6117467361778197
158,0.0004,2.5963e-06,19,438.0,988.0,161.0,333.0,0.7427083253860474,0.731218695640564,0.5680933594703674,0.6394159964475173
159,0.0004,2.5963e-06,20,446.0,978.0,160.0,336.0,0.7416666746139526,0.735973596572876,0.5703324675559998,0.6426512740815233
160,0.0002,8.479e-07,1,94.0,990.0,117.0,719.0,0.5645833611488342,0.44549763202667236,0.1156211569905281,0.18359375456434032
161,0.0002,8.479e-07,2,85.0,1044.0,68.0,723.0,0.5880208611488342,0.5555555820465088,0.10519801825284958,0.17689905720986296
162,0.0002,8.479e-07,3,86.0,1119.0,39.0,676.0,0.6276041865348816,0.6880000233650208,0.11286089569330215,0.19391205872903064
163,0.0002,8.479e-07,4,176.0,1011.0,112.0,621.0,0.6182291507720947,0.6111111044883728,0.2208281010389328,0.32442394923376644
164,0.0002,8.479e-07,5,276.0,954.0,156.0,534.0,0.640625,0.6388888955116272,0.34074074029922485,0.4444444444444444
165,0.0002,8.479e-07,6,230.0,1014.0,122.0,554.0,0.6479166746139526,0.6534090638160706,0.2933673560619354,0.40492960583903376
166,0.0002,8.479e-07,7,270.0,1014.0,112.0,524.0,0.668749988079071,0.7068063020706177,0.3400503695011139,0.45918367463136284
167,0.0002,8.479e-07,8,252.0,1037.0,110.0,521.0,0.6713541746139526,0.6961326003074646,0.3260025978088379,0.4440528442464987
168,0.0002,8.479e-07,9,266.0,1001.0,145.0,508.0,0.6598958373069763,0.6472019553184509,0.34366926550865173,0.44894517344138557
169,0.0002,8.479e-07,10,246.0,1040.0,118.0,516.0,0.6697916388511658,0.6758241653442383,0.32283464074134827,0.4369449397942573
170,0.0002,8.479e-07,11,356.0,975.0,130.0,459.0,0.6932291388511658,0.7325102686882019,0.43680980801582336,0.5472712827689926
171,0.0002,8.479e-07,12,322.0,1048.0,107.0,443.0,0.7135416865348816,0.750582754611969,0.42091503739356995,0.5393634588606603
172,0.0002,8.479e-07,13,294.0,1048.0,116.0,462.0,0.6989583373069763,0.7170731425285339,0.3888888955116272,0.5042881786243293
173,0.0002,8.479e-07,14,336.0,1005.0,130.0,449.0,0.698437511920929,0.721030056476593,0.428025484085083,0.5371702865532604
174,0.0002,8.479e-07,15,293.0,1056.0,104.0,467.0,0.7026041746139526,0.738035261631012,0.3855263292789459,0.5064822530603861
175,0.0002,8.479e-07,16,389.0,965.0,167.0,399.0,0.7052083611488342,0.6996402740478516,0.4936548173427582,0.578869010602807
176,0.0002,8.479e-07,17,357.0,998.0,142.0,423.0,0.7057291865348816,0.7154308557510376,0.45769229531288147,0.5582486101330472
177,0.0002,8.479e-07,18,338.0,1030.0,135.0,417.0,0.7124999761581421,0.7145877480506897,0.44768211245536804,0.5504885933348964
178,0.0002,8.479e-07,19,405.0,971.0,160.0,384.0,0.7166666388511658,0.7168141603469849,0.5133079886436462,0.5982275241079281
179,0.0002,8.479e-07,20,377.0,1008.0,132.0,403.0,0.7213541865348816,0.740667998790741,0.4833333194255829,0.5849495800750063
180,0.0006,6.6721e-06,1,218.0,885.0,230.0,587.0,0.5744791626930237,0.4866071343421936,0.2708074450492859,0.34796488760640726
181,0.0006,6.6721e-06,2,171.0,1095.0,61.0,593.0,0.659375011920929,0.7370689511299133,0.2238219827413559,0.3433734723025605
182,0.0006,6.6721e-06,3,242.0,1020.0,136.0,522.0,0.6572916507720947,0.6402116417884827,0.31675392389297485,0.4238178516168388
183,0.0006,6.6721e-06,4,330.0,952.0,164.0,474.0,0.6677083373069763,0.6680161952972412,0.41044774651527405,0.508474588448902
184,0.0006,6.6721e-06,5,375.0,963.0,180.0,402.0,0.6968749761581421,0.6756756901741028,0.48262548446655273,0.5630630737256721
185,0.0006,6.6721e-06,6,357.0,964.0,158.0,441.0,0.6880208253860474,0.693203866481781,0.44736841320991516,0.5437928141161606
186,0.0006,6.6721e-06,7,322.0,1049.0,118.0,431.0,0.714062511920929,0.7318181991577148,0.42762285470962524,0.5398156156385872
187,0.0006,6.6721e-06,8,372.0,1006.0,163.0,379.0,0.7177083492279053,0.69532710313797,0.4953395426273346,0.5785380629384996
188,0.0006,6.6721e-06,9,356.0,1036.0,129.0,399.0,0.7250000238418579,0.7340205907821655,0.4715231657028198,0.5741935445593194
189,0.0006,6.6721e-06,10,375.0,1037.0,131.0,377.0,0.7354166507720947,0.7411067485809326,0.49867022037506104,0.5961844434083337
190,0.0006,6.6721e-06,11,406.0,986.0,151.0,377.0,0.7250000238418579,0.7289048433303833,0.5185185074806213,0.6059700906313807
191,0.0006,6.6721e-06,12,414.0,970.0,164.0,372.0,0.7208333611488342,0.7162629961967468,0.5267175436019897,0.6070381483389655
192,0.0006,6.6721e-06,13,441.0,950.0,174.0,355.0,0.7244791388511658,0.7170731425285339,0.55402010679245,0.6250885915138028
193,0.0006,6.6721e-06,14,455.0,957.0,176.0,332.0,0.7354166507720947,0.7210776805877686,0.5781448483467102,0.6417489733607813
194,0.0006,6.6721e-06,15,407.0,978.0,152.0,383.0,0.7213541865348816,0.7280858755111694,0.5151898860931396,0.6034099622478978
195,0.0006,6.6721e-06,16,467.0,967.0,163.0,323.0,0.746874988079071,0.7412698268890381,0.5911392569541931,0.6577464749668472
196,0.0006,6.6721e-06,17,453.0,986.0,156.0,325.0,0.7494791746139526,0.743842363357544,0.5822622179985046,0.6532083466526767
197,0.0006,6.6721e-06,18,487.0,950.0,159.0,324.0,0.7484375238418579,0.7538699507713318,0.6004931926727295,0.6684968395125102
198,0.0006,6.6721e-06,19,546.0,913.0,166.0,295.0,0.7598958611488342,0.766853928565979,0.6492270827293396,0.7031551952243582
199,0.0006,6.6721e-06,20,421.0,1013.0,156.0,330.0,0.746874988079071,0.7296360731124878,0.5605858564376831,0.6340361498659449
200,0.0001,2.5815e-06,1,51.0,1127.0,40.0,702.0,0.6135416626930237,0.5604395866394043,0.06772908568382263,0.12085307444157951
201,0.0001,2.5815e-06,2,67.0,1062.0,64.0,727.0,0.5880208611488342,0.5114504098892212,0.08438286930322647,0.14486485367167298
202,0.0001,2.5815e-06,3,77.0,1097.0,50.0,696.0,0.6114583611488342,0.6062992215156555,0.09961190074682236,0.17111111772530163
203,0.0001,2.5815e-06,4,53.0,1121.0,36.0,710.0,0.6114583611488342,0.5955055952072144,0.06946264952421188,0.12441314632894945
204,0.0001,2.5815e-06,5,145.0,1060.0,90.0,625.0,0.6276041865348816,0.6170212626457214,0.18831168115139008,0.2885571980968445
205,0.0001,2.5815e-06,6,183.0,1023.0,75.0,639.0,0.628125011920929,0.7093023061752319,0.22262774407863617,0.3388888988379548
206,0.0001,2.5815e-06,7,206.0,1040.0,102.0,572.0,0.6489583253860474,0.6688311696052551,0.26478150486946106,0.3793738367005626
207,0.0001,2.5815e-06,8,155.0,1061.0,72.0,632.0,0.6333333253860474,0.6828193664550781,0.19695045053958893,0.30571992524705816
208,0.0001,2.5815e-06,9,169.0,1081.0,78.0,592.0,0.6510416865348816,0.6842105388641357,0.22207622230052948,0.3353174544453198
209,0.0001,2.5815e-06,10,229.0,1034.0,107.0,550.0,0.6578124761581421,0.6815476417541504,0.2939666211605072,0.41076230871344205
210,0.0001,2.5815e-06,11,207.0,1061.0,73.0,579.0,0.6604166626930237,0.7392857074737549,0.2633587718009949,0.3883677066321459
211,0.0001,2.5815e-06,12,297.0,998.0,134.0,491.0,0.6744791865348816,0.689095139503479,0.37690356373786926,0.4872846807485145
212,0.0001,2.5815e-06,13,256.0,1039.0,102.0,523.0,0.6744791865348816,0.7150837779045105,0.32862645387649536,0.4503078201075557
213,0.0001,2.5815e-06,14,244.0,1043.0,104.0,529.0,0.6703125238418579,0.7011494040489197,0.3156532943248749,0.4353256129654534
214,0.0001,2.5815e-06,15,292.0,1011.0,131.0,486.0,0.6786458492279053,0.6903073191642761,0.37532132863998413,0.4862614316073547
215,0.0001,2.5815e-06,16,284.0,1025.0,114.0,497.0,0.6817708611488342,0.713567852973938,0.3636363744735718,0.48176421530892705
216,0.0001,2.5815e-06,17,277.0,1034.0,106.0,503.0,0.682812511920929,0.7232375741004944,0.3551281988620758,0.4763542136027596
217,0.0001,2.5815e-06,18,352.0,998.0,130.0,440.0,0.703125,0.7302904725074768,0.4444444477558136,0.5525902615392468
218,0.0001,2.5815e-06,19,279.0,1046.0,94.0,501.0,0.6901041865348816,0.747989296913147,0.35769230127334595,0.48395488796383446
219,0.0001,2.5815e-06,20,368.0,981.0,143.0,428.0,0.7026041746139526,0.7201565504074097,0.4623115658760071,0.5631216314278219
220,0.0014,2.95335e-05,1,257.0,878.0,241.0,544.0,0.5911458134651184,0.5160642862319946,0.3208489418029785,0.39568899786440836
221,0.0014,2.95335e-05,2,289.0,965.0,166.0,500.0,0.653124988079071,0.6351648569107056,0.36628642678260803,0.46463022728122216
222,0.0014,2.95335e-05,3,310.0,1006.0,147.0,457.0,0.6854166388511658,0.6783369779586792,0.4041720926761627,0.5065359732638647
223,0.0014,2.95335e-05,4,362.0,940.0,184.0,434.0,0.6781250238418579,0.66300368309021,0.454773873090744,0.5394932682407841
224,0.0014,2.95335e-05,5,376.0,955.0,189.0,400.0,0.6932291388511658,0.665486752986908,0.4845360815525055,0.5607755229011523
225,0.0014,2.95335e-05,6,390.0,943.0,188.0,399.0,0.6942708492279053,0.6747404932975769,0.4942965805530548,0.570592552317349
226,0.0014,2.95335e-05,7,387.0,999.0,157.0,377.0,0.721875011920929,0.7113970518112183,0.5065445303916931,0.591743146653846
227,0.0014,2.95335e-05,8,434.0,983.0,161.0,342.0,0.7380208373069763,0.729411780834198,0.5592783689498901,0.6331145639035899
228,0.0014,2.95335e-05,9,439.0,966.0,161.0,354.0,0.7317708134651184,0.7316666841506958,0.5535939335823059,0.6302942768515245
229,0.0014,2.95335e-05,10,460.0,1006.0,139.0,315.0,0.7635416388511658,0.7679466009140015,0.5935483574867249,0.6695778268334044
230,0.0014,2.95335e-05,11,434.0,983.0,159.0,344.0,0.7380208373069763,0.7318718433380127,0.5578406453132629,0.6331145555385893
231,0.0014,2.95335e-05,12,443.0,1008.0,160.0,309.0,0.7557291388511658,0.7346600294113159,0.5890957713127136,0.6538745935419868
232,0.0014,2.95335e-05,13,474.0,928.0,203.0,315.0,0.7302083373069763,0.7001476883888245,0.6007604598999023,0.6466575788742915
233,0.0014,2.95335e-05,14,490.0,960.0,166.0,304.0,0.7552083134651184,0.7469512224197388,0.6171284914016724,0.6758620975938434
234,0.0014,2.95335e-05,15,468.0,1008.0,152.0,292.0,0.768750011920929,0.7548387050628662,0.6157894730567932,0.6782608933885863
235,0.0014,2.95335e-05,16,490.0,992.0,164.0,274.0,0.7718750238418579,0.7492354512214661,0.6413612365722656,0.6911142743740554
236,0.0014,2.95335e-05,17,463.0,1005.0,148.0,304.0,0.7645833492279053,0.7577741146087646,0.6036505699157715,0.6719883738463028
237,0.0014,2.95335e-05,18,516.0,964.0,172.0,268.0,0.7708333134651184,0.75,0.6581632494926453,0.7010868967105268
238,0.0014,2.95335e-05,19,494.0,1008.0,132.0,286.0,0.7822916507720947,0.7891373634338379,0.6333333253860474,0.7027027083651616
239,0.0014,2.95335e-05,20,509.0,979.0,179.0,253.0,0.7749999761581421,0.7398256063461304,0.6679790019989014,0.702068991621252
240,0.0052,4.8842e-06,1,299.0,799.0,358.0,464.0,0.5718749761581421,0.4550989270210266,0.39187419414520264,0.42112675917572956
241,0.0052,4.8842e-06,2,316.0,935.0,203.0,466.0,0.651562511920929,0.6088631749153137,0.40409207344055176,0.4857801916471192
242,0.0052,4.8842e-06,3,345.0,873.0,259.0,443.0,0.6343749761581421,0.5711920261383057,0.437817245721817,0.49568966077411136
243,0.0052,4.8842e-06,4,397.0,913.0,223.0,387.0,0.6822916865348816,0.6403225660324097,0.5063775777816772,0.5655270521990458
244,0.0052,4.8842e-06,5,401.0,905.0,228.0,386.0,0.6802083253860474,0.637519896030426,0.5095298886299133,0.5663842211580342
245,0.0052,4.8842e-06,6,468.0,922.0,192.0,338.0,0.7239583134651184,0.7090908885002136,0.5806451439857483,0.6384719971827575
246,0.0052,4.8842e-06,7,442.0,910.0,222.0,346.0,0.7041666507720947,0.6656626462936401,0.5609136819839478,0.608815418161914
247,0.0052,4.8842e-06,8,454.0,922.0,205.0,339.0,0.7166666388511658,0.6889225840568542,0.5725094676017761,0.6253443340028251
248,0.0052,4.8842e-06,9,463.0,963.0,176.0,318.0,0.7427083253860474,0.7245696187019348,0.592829704284668,0.6521126858698636
249,0.0052,4.8842e-06,10,439.0,963.0,197.0,321.0,0.7302083373069763,0.6902515888214111,0.5776315927505493,0.6289398280802292
250,0.0052,4.8842e-06,11,464.0,923.0,215.0,318.0,0.7223958373069763,0.6833578944206238,0.5933504104614258,0.6351813935751964
251,0.0052,4.8842e-06,12,497.0,953.0,183.0,287.0,0.7552083134651184,0.7308823466300964,0.6339285969734192,0.678961772975904
252,0.0052,4.8842e-06,13,532.0,967.0,164.0,257.0,0.7807291746139526,0.7643678188323975,0.6742712259292603,0.7164983217434876
253,0.0052,4.8842e-06,14,518.0,933.0,188.0,281.0,0.7557291388511658,0.7337110638618469,0.6483103632926941,0.6883720817897608
254,0.0052,4.8842e-06,15,507.0,968.0,182.0,263.0,0.7682291865348816,0.7358490824699402,0.6584415435791016,0.6949965535691293
255,0.0052,4.8842e-06,16,519.0,1000.0,144.0,257.0,0.7911458611488342,0.7828054428100586,0.6688144207000732,0.721334278278765
256,0.0052,4.8842e-06,17,526.0,999.0,150.0,245.0,0.7942708134651184,0.7781065106391907,0.6822308897972107,0.7270214734488373
257,0.0052,4.8842e-06,18,515.0,948.0,191.0,266.0,0.7619791626930237,0.7294617295265198,0.6594110131263733,0.6926697765775456
258,0.0052,4.8842e-06,19,486.0,896.0,239.0,299.0,0.7197916507720947,0.6703448295593262,0.619108259677887,0.6437086357818769
259,0.0052,4.8842e-06,20,523.0,962.0,174.0,261.0,0.7734375,0.7503587007522583,0.6670918464660645,0.706279592583519
260,0.0002,1.3907e-06,1,70.0,1025.0,109.0,716.0,0.5703125,0.3910614550113678,0.0890585258603096,0.14507771900117894
261,0.0002,1.3907e-06,2,32.0,1146.0,17.0,725.0,0.6135416626930237,0.6530612111091614,0.04227212816476822,0.07940446840231041
262,0.0002,1.3907e-06,3,202.0,968.0,142.0,608.0,0.609375,0.5872092843055725,0.24938271939754486,0.3500866541248254
263,0.0002,1.3907e-06,4,131.0,1075.0,78.0,636.0,0.628125011920929,0.6267942786216736,0.17079530656337738,0.2684426133031739
264,0.0002,1.3907e-06,5,150.0,1077.0,66.0,627.0,0.6390625238418579,0.6944444179534912,0.19305019080638885,0.30211480575584887
265,0.0002,1.3907e-06,6,181.0,1083.0,68.0,588.0,0.6583333611488342,0.7269076108932495,0.23537060618400574,0.35559920343649637
266,0.0002,1.3907e-06,7,310.0,984.0,139.0,487.0,0.6739583611488342,0.6904231905937195,0.388958603143692,0.4975923050952172
267,0.0002,1.3907e-06,8,280.0,1032.0,90.0,518.0,0.6833333373069763,0.7567567825317383,0.35087719559669495,0.4794520953382481
268,0.0002,1.3907e-06,9,282.0,1030.0,118.0,490.0,0.6833333373069763,0.7049999833106995,0.3652849793434143,0.4812286448031181
269,0.0002,1.3907e-06,10,285.0,1071.0,88.0,476.0,0.706250011920929,0.7640750408172607,0.37450721859931946,0.5026455012605852
270,0.0002,1.3907e-06,11,352.0,982.0,140.0,446.0,0.6947916746139526,0.7154471278190613,0.4411027431488037,0.5457364084600824
271,0.0002,1.3907e-06,12,301.0,1026.0,108.0,485.0,0.6911458373069763,0.7359412908554077,0.38295164704322815,0.5037656800789776
272,0.0002,1.3907e-06,13,418.0,941.0,174.0,387.0,0.707812488079071,0.7060810923576355,0.5192546844482422,0.5984251953183144
273,0.0002,1.3907e-06,14,311.0,1051.0,115.0,443.0,0.7093750238418579,0.7300469279289246,0.4124668538570404,0.5271186652893856
274,0.0002,1.3907e-06,15,301.0,1049.0,124.0,446.0,0.703125,0.7082353234291077,0.4029451012611389,0.5136518604733246
275,0.0002,1.3907e-06,16,369.0,1003.0,135.0,413.0,0.7145833373069763,0.7321428656578064,0.47186699509620667,0.5738724690882654
276,0.0002,1.3907e-06,17,364.0,1007.0,123.0,426.0,0.714062511920929,0.7474332451820374,0.4607594907283783,0.570086151481171
277,0.0002,1.3907e-06,18,357.0,1023.0,129.0,411.0,0.71875,0.7345678806304932,0.46484375,0.5693779609465647
278,0.0002,1.3907e-06,19,359.0,1018.0,132.0,411.0,0.7171875238418579,0.7311608791351318,0.4662337601184845,0.5693893975931442
279,0.0002,1.3907e-06,20,386.0,995.0,140.0,399.0,0.7192708253860474,0.73384028673172,0.4917197525501251,0.5888634702764187
280,0.0082,1.1448e-06,1,291.0,755.0,395.0,479.0,0.5447916388511658,0.4241982400417328,0.37792208790779114,0.39972528758642306
281,0.0082,1.1448e-06,2,357.0,894.0,245.0,424.0,0.651562511920929,0.5930232405662537,0.45710626244544983,0.5162689256878521
282,0.0082,1.1448e-06,3,413.0,908.0,230.0,369.0,0.6880208253860474,0.6423017382621765,0.528132975101471,0.5796491313481597
283,0.0082,1.1448e-06,4,419.0,956.0,184.0,361.0,0.7161458134651184,0.6948590278625488,0.5371794700622559,0.6059291415806038
284,0.0082,1.1448e-06,5,427.0,894.0,242.0,357.0,0.6880208253860474,0.6382660865783691,0.5446428656578064,0.5877494719317623
285,0.0082,1.1448e-06,6,466.0,900.0,226.0,328.0,0.7114583253860474,0.6734104156494141,0.5869017839431763,0.6271870786439803
286,0.0082,1.1448e-06,7,475.0,840.0,281.0,324.0,0.6848958134651184,0.6283068656921387,0.5944930911064148,0.6109324412459457
287,0.0082,1.1448e-06,8,451.0,925.0,204.0,340.0,0.7166666388511658,0.6885496377944946,0.5701643228530884,0.6237897602183873
288,0.0082,1.1448e-06,9,462.0,902.0,234.0,322.0,0.7104166746139526,0.6637930870056152,0.5892857313156128,0.6243243289524217
289,0.0082,1.1448e-06,10,478.0,942.0,209.0,291.0,0.7395833134651184,0.6957787275314331,0.6215865015983582,0.6565934234982617
290,0.0082,1.1448e-06,11,508.0,927.0,197.0,288.0,0.7473958134651184,0.7205674052238464,0.6381909251213074,0.6768820761301169
291,0.0082,1.1448e-06,12,532.0,956.0,167.0,265.0,0.7749999761581421,0.7610872387886047,0.6675031185150146,0.7112299317984052
292,0.0082,1.1448e-06,13,520.0,995.0,161.0,244.0,0.7890625,0.7635829448699951,0.6806282997131348,0.7197231645403908
293,0.0082,1.1448e-06,14,451.0,969.0,188.0,312.0,0.7395833134651184,0.7057902812957764,0.591087818145752,0.6433665974139907
294,0.0082,1.1448e-06,15,477.0,979.0,204.0,260.0,0.7583333253860474,0.700440526008606,0.6472184658050537,0.6727785879908001
295,0.0082,1.1448e-06,16,521.0,941.0,188.0,270.0,0.7614583373069763,0.7348377704620361,0.6586599349975586,0.6946666522948018
296,0.0082,1.1448e-06,17,491.0,1012.0,159.0,258.0,0.7828124761581421,0.755384624004364,0.6555407047271729,0.70192992387438
297,0.0082,1.1448e-06,18,552.0,992.0,151.0,225.0,0.8041666746139526,0.7852062582969666,0.7104247212409973,0.7459459239732121
298,0.0082,1.1448e-06,19,551.0,970.0,153.0,246.0,0.792187511920929,0.7826704382896423,0.6913425326347351,0.7341771885731219
299,0.0082,1.1448e-06,20,512.0,943.0,199.0,266.0,0.7578125,0.7201125025749207,0.6580976843833923,0.6877098656591645
300,0.0002,6.486e-07,1,87.0,1035.0,95.0,703.0,0.5843750238418579,0.4780219793319702,0.11012658476829529,0.1790123350442706
301,0.0002,6.486e-07,2,95.0,1079.0,59.0,687.0,0.6114583611488342,0.6168830990791321,0.12148337811231613,0.20299144298707092
302,0.0002,6.486e-07,3,125.0,1073.0,66.0,656.0,0.6239583492279053,0.6544502377510071,0.16005121171474457,0.25720162952731956
303,0.0002,6.486e-07,4,210.0,1051.0,86.0,573.0,0.6567708253860474,0.7094594836235046,0.26819923520088196,0.38924929363961064
304,0.0002,6.486e-07,5,181.0,1049.0,90.0,600.0,0.640625,0.6678966879844666,0.2317541539669037,0.34410648302370617
305,0.0002,6.486e-07,6,225.0,1078.0,91.0,526.0,0.6786458492279053,0.7120253443717957,0.2996005415916443,0.42174321331046777
306,0.0002,6.486e-07,7,279.0,976.0,142.0,523.0,0.6536458134651184,0.6627078652381897,0.3478803038597107,0.4562551283242984
307,0.0002,6.486e-07,8,325.0,983.0,145.0,467.0,0.6812499761581421,0.6914893388748169,0.41035354137420654,0.5150554564527604
308,0.0002,6.486e-07,9,268.0,1019.0,135.0,498.0,0.6703125238418579,0.6650124192237854,0.3498694598674774,0.4585115709901725
309,0.0002,6.486e-07,10,281.0,1025.0,131.0,483.0,0.6802083253860474,0.6820388436317444,0.3678010404109955,0.4778911385031502
310,0.0002,6.486e-07,11,302.0,1046.0,101.0,471.0,0.7020833492279053,0.7493796348571777,0.39068564772605896,0.5136054446664794
311,0.0002,6.486e-07,12,370.0,961.0,166.0,423.0,0.6932291388511658,0.6902984976768494,0.46658259630203247,0.5568096315343348
312,0.0002,6.486e-07,13,321.0,1000.0,126.0,473.0,0.6880208253860474,0.718120813369751,0.4042821228504181,0.5173247588683983
313,0.0002,6.486e-07,14,402.0,927.0,192.0,399.0,0.692187488079071,0.6767676472663879,0.5018726587295532,0.5763440270767558
314,0.0002,6.486e-07,15,390.0,946.0,173.0,411.0,0.6958333253860474,0.6927176117897034,0.48689138889312744,0.5718475014042051
315,0.0002,6.486e-07,16,330.0,1043.0,117.0,430.0,0.7151041626930237,0.7382550239562988,0.43421053886413574,0.5468102622437383
316,0.0002,6.486e-07,17,404.0,955.0,161.0,400.0,0.707812488079071,0.7150442600250244,0.5024875402450562,0.5902118071000275
317,0.0002,6.486e-07,18,347.0,1025.0,123.0,425.0,0.7145833373069763,0.7382978796958923,0.44948187470436096,0.5587761580173225
318,0.0002,6.486e-07,19,445.0,941.0,181.0,353.0,0.721875011920929,0.7108626365661621,0.5576441287994385,0.6250000234940193
319,0.0002,6.486e-07,20,373.0,989.0,167.0,391.0,0.7093750238418579,0.6907407641410828,0.48821988701820374,0.5720858549871236
